"V1","V2","V3","V4","V5","V6","V7","V8","V9","V10","V11","V12","V13","V14","V15","V16","V17","V18","V19","V20","V21","V22","V23","V24"
4.9542627,4.771529,5.0739517,5.373969,4.7419753,4.549765,4.8039303,5.206774,6.3559103,6.5889864,6.7431803,7.1578794,7.3279033,7.5975237,8.385558,7.8272686,7.623447,7.6885495,7.2884417,6.3964596,5.9082723,5.5723085,5.7871394,5.844603
5.079142,5.0389776,5.0339313,5.152627,5.0887847,5.046444,5.3876634,6.29169,6.5786595,6.6255546,6.623384,6.654108,6.9185467,7.154219,7.592402,7.0348396,7.034652,6.684406,7.2445874,4.9163036,4.503333,5.7590775,6.4275618,5.9914036
4.2291417,4.1395607,4.171227,4.342001,4.7782636,4.9365497,5.0137115,5.285905,6.5957184,6.6377554,6.462962,6.3697815,6.2316384,6.3607774,6.4813294,6.997296,7.490925,7.416545,7.6618857,7.7918053,7.9922414,8.030393,8.046192,8.24964
8.32105,8.786273,9.173386,9.55949,9.738947,9.702584,9.526536,8.366442,8.535087,9.458855,9.98944,9.984196,10.162796,10.3723955,10.511718,10.010858,9.771604,8.626907,7.8733125,7.494211,7.624247,7.607883,7.487859,7.306084
8.041653,7.3202796,6.362929,5.753961,5.3285317,5.1843376,4.978843,6.481586,6.6828046,6.363037,5.748812,5.608309,5.690631,5.999212,6.5247545,6.9469047,7.947716,8.641173,9.022385,8.845434,9.015554,9.102345,9.015044,8.692779
7.2074966,6.923716,6.720792,6.6313214,6.555261,6.489009,5.7990646,7.359292,8.318194,8.988651,8.628575,8.454235,8.399718,8.655274,9.05509,9.610259,9.884877,9.13605,9.201524,7.9273143,7.738152,7.6539774,7.5667133,7.462987
5.6117835,5.295016,5.2000947,5.578236,5.6568947,5.4704905,5.7360945,6.495277,7.5167537,6.911752,6.1709003,5.825565,5.575611,5.6552925,6.2207594,7.28547,8.325686,9.222687,9.439811,9.178562,9.082288,8.271312,7.4096127,6.7766275
6.5939226,7.0598993,8.308275,6.624301,6.515721,6.618163,6.400248,8.005495,7.744163,8.623916,8.497677,8.878206,8.602712,8.604436,8.934635,9.031112,8.9879055,8.160885,8.006271,7.646239,8.250828,7.935768,7.283722,7.2301183
7.1043735,6.648365,6.308419,6.1725793,6.1992702,6.1336026,5.9844284,7.0411153,7.4501996,7.8754377,8.251463,8.333134,8.2157955,8.240249,8.201807,8.8257065,8.799966,8.822554,8.79459,7.9616256,8.0149765,7.5605807,7.2813196,7.108679
1.8699709,2.0393891,2.1796713,2.7146385,2.8106072,2.7191935,2.9494424,4.727205,4.1790667,4.211136,4.547647,5.2959023,5.6750646,5.8331165,6.6691585,6.562005,5.787863,4.728466,4.4177995,4.381143,4.852511,4.835796,4.498146,4.287866
3.7528777,3.6559656,3.9900534,4.009601,3.7666368,3.7659051,4.0154495,3.2796397,3.3275187,2.1528997,1.3642007,1.0248792,2.469829,3.6477625,5.628963,3.835656,4.10188,3.0199566,2.1031501,1.8773226,0.48708525,0.7188718,1.1328759,1.6211369
7.4755206,6.6843953,6.6317863,6.6938047,7.0173182,7.4390306,7.6548586,8.803055,9.133787,9.551175,9.741416,9.752912,9.4967985,9.104092,9.097657,8.863864,8.842615,7.943384,7.83685,7.3875475,7.5340743,7.5847726,7.7061334,8.042937
8.45765,8.311405,8.2118435,8.063862,7.989,7.9183445,7.9592133,6.8671193,7.3956537,7.4632173,6.932537,6.303407,5.730241,5.314669,5.3640337,5.8211384,7.2216334,8.555222,9.550244,9.451792,9.24497,8.963759,8.712305,8.462163
8.13375,7.80622,7.4373946,7.131967,6.9337335,6.9522223,6.9527206,8.702532,8.345344,7.8108006,7.1750393,6.8250904,6.734525,7.0958977,7.8251643,8.644189,9.465525,9.666915,10.108388,9.798823,9.806537,9.689417,9.279941,8.902889
8.551885,8.294459,7.965987,7.4654493,6.91546,6.7291136,6.724122,8.1002655,9.01238,8.7116995,8.497562,8.692177,8.950066,9.3650055,9.817451,9.873053,9.626236,8.994477,8.193618,8.0213375,7.8968644,8.111864,8.306627,8.186401
8.247958,8.237086,8.354642,8.440265,8.488372,8.608405,8.659095,7.991016,8.915264,8.417527,7.536061,6.736768,5.568181,4.52256,4.7121816,6.214046,8.448864,9.376954,9.15951,7.6933184,7.5157976,7.523262,7.4629626,7.189765
7.278744,7.534224,7.6273203,7.4653215,7.070785,6.8096614,6.720864,7.917274,8.400476,9.275743,9.784886,10.121743,10.098132,9.902042,9.80323,9.977332,10.077579,9.60965,9.170344,7.817825,7.6830864,7.6017604,7.1982603,6.829646
6.871693,6.7740097,6.907679,6.655177,6.260624,5.523164,5.922075,6.792967,8.421479,8.031743,7.882559,7.9446635,8.110466,8.489393,8.592636,8.966653,9.042763,8.393149,7.626746,7.4155154,7.2941937,7.2635007,7.2054834,7.054036
6.4355235,6.2883954,5.9331174,5.7855983,5.5418115,5.678257,5.340567,6.3389287,7.0406218,7.8462954,7.7288465,7.73712,7.4552197,6.9113483,7.6277847,7.3509846,6.905907,6.567724,6.4054418,5.236031,5.213154,5.0545382,4.9936543,4.898448
8.687672,8.740103,8.834175,8.751838,8.510516,8.391873,8.370782,9.369987,10.804251,11.462408,11.69455,11.779722,11.46282,11.148539,10.738463,10.443786,10.12487,9.416335,8.637689,8.312779,7.963736,7.9598055,7.9423985,7.7805886
7.824936,7.7908616,7.556248,7.777885,7.4144645,7.309665,6.882001,8.860704,8.98991,9.414301,9.739754,9.572591,9.587249,9.694341,10.15463,10.250456,10.113441,9.23721,8.077061,8.161561,7.927162,7.9608145,8.110995,8.339874
8.870532,8.650113,8.65881,8.859051,9.026154,9.243889,8.932537,10.2933035,9.965873,10.245034,10.895516,10.769138,10.894324,10.4859495,10.514597,10.349498,9.877202,9.2918625,8.630048,7.9541035,7.9465685,7.6003346,7.238899,7.0861154
10.045791,9.625219,9.155025,8.571688,7.8612285,7.3820367,6.5714674,8.869018,8.93553,8.875955,8.933322,9.058082,9.253975,9.627695,9.937952,10.260669,10.529385,10.344043,9.7060585,8.485345,8.069826,7.5346084,7.169442,6.952103
5.558598,5.1609964,4.8689127,4.788044,4.9328156,5.1493325,5.077424,6.267769,6.9182606,6.792119,6.63949,6.868158,7.2824063,7.4945316,7.94759,8.543678,8.793064,8.84645,8.555974,7.1007023,6.546893,6.048676,5.6592264,5.6863976
0.5459493,0.53569454,0.502572,1.2306317,1.7657342,2.1328726,2.3323908,0.8367461,0.6022329,1.3285099,2.2579212,3.6514757,5.303406,5.5095205,3.7732108,3.4120903,3.5979464,4.2388206,3.7745998,3.2450638,2.4419897,2.1815536,1.7713127,1.3562273
2.9753268,3.353392,3.181996,2.4971325,2.7767653,3.9089825,3.6624491,3.8609107,4.486776,4.5153146,4.498172,4.2003703,4.6841083,6.7244916,5.0637226,4.9633985,5.19107,5.9871893,5.1779113,4.327379,4.248161,4.218136,4.3971105,4.436211
3.7309809,3.7378037,3.669844,3.863411,4.2657337,4.7182565,5.1126866,5.142266,5.826455,5.7694798,5.6661725,5.5711145,5.6391783,5.747767,5.9266133,6.439915,7.7695003,8.779184,6.1915636,5.6474953,5.0941105,4.8302503,4.558724,4.225303
4.1817417,4.642803,4.0843472,3.97526,4.141014,4.744543,4.4296503,2.153616,1.9033525,1.5899377,1.1004103,1.6719998,2.3122013,2.9730186,3.3886383,3.7078755,4.5670314,5.1967626,5.01167,5.4971404,5.4383874,5.2690563,5.4056554,5.3482504
5.7771482,5.8081956,6.035239,6.138076,6.56887,6.9084425,6.792556,5.599608,5.2760916,4.7948217,4.639779,4.2377415,4.224132,3.2829323,3.1564207,3.38968,3.38742,3.9746518,4.2598143,3.6079266,3.7744787,3.62389,3.9012663,4.3150215
7.840077,7.7917013,7.7975984,7.7671437,7.69982,7.8147373,7.9381814,7.6954217,8.581294,9.706057,9.045744,8.850399,8.675124,8.807886,8.894148,8.724341,8.165555,7.478532,6.925804,6.315518,6.1635695,6.1603656,6.4144163,6.761567
8.025907,7.860263,7.530742,7.0675793,6.7747664,6.8420005,7.104854,8.437397,9.280421,9.414119,9.773789,9.956599,9.541615,9.433851,9.594704,9.856077,9.914385,9.063659,8.694245,7.6730666,7.313332,7.592936,7.6837807,7.806693
5.8533587,5.8941927,5.6354947,5.3291306,5.3671675,5.879858,6.7027736,7.397529,7.6270022,7.8189764,7.858999,7.852974,7.950125,7.9724636,8.332362,8.361736,8.687863,8.651901,8.1276045,7.3159924,7.1210895,6.8636227,6.623367,6.3589187
10.078767,10.031576,9.979593,9.844203,9.69449,9.468944,8.580265,9.445912,8.506802,7.3917127,6.5682793,6.0411887,5.6050067,5.4489317,6.5018744,7.8293324,9.027848,9.38229,9.274846,8.394734,8.564549,8.390929,8.249455,7.9795523
3.2367282,3.1265604,3.4377227,3.7365584,3.439735,2.4830432,2.3026726,1.4031142,1.9955297,1.8930255,1.7718829,2.3607173,3.4436085,4.48988,5.161615,4.543312,4.705681,4.8397045,4.816057,3.9198222,3.721921,3.3506424,3.0514245,2.8534997
2.5614488,2.1668506,1.3261361,0.7424466,0.8916132,1.7583115,2.197577,1.8383209,2.0469134,2.0269117,1.9130507,2.073539,2.9998207,4.1127324,4.5058966,4.82826,4.179143,4.2981744,3.9635606,3.0606496,3.1448414,2.8266225,2.5717287,2.3969133
2.2694519,2.1153429,1.7717456,1.1548066,1.1254776,1.3695039,2.0910258,1.4706299,2.1434746,2.3238611,2.9508119,3.6497188,4.078956,4.7736707,3.7400386,3.141408,3.6328804,4.3841443,3.747841,2.0843096,1.3807342,1.5877228,1.1332401,0.9664203
2.11479,1.7312764,1.6586872,1.6013376,1.3240987,0.40716437,0.2520263,0.85341483,0.823963,1.146306,1.9517008,2.6318195,4.164598,4.23103,4.2814074,3.932865,3.9315972,3.3785439,2.8500695,2.6925068,2.4403365,2.590563,2.1929898,1.7225375
2.2322214,2.5000932,3.3060255,3.8098423,3.6624146,3.7965093,3.737133,2.753407,1.848627,2.345263,1.3717036,0.4251152,1.431794,1.0083599,0.9124586,0.99904466,1.3088411,1.8417709,2.065212,2.219708,1.8847824,0.77965736,0.14671445,0.76926535
6.3412623,6.2444487,6.2207375,6.428816,6.7026496,6.853024,6.883672,6.2117486,6.42436,6.1433277,5.599906,4.8726497,4.333205,3.7957706,3.579668,3.4610841,3.604067,3.8897386,4.5300345,5.0252695,5.406678,5.5095763,5.6747417,5.947172
5.9744782,6.1130266,6.0737,5.809956,5.524274,5.6696873,5.984151,5.967097,7.5121956,6.901628,6.75355,6.706156,6.759493,6.948526,7.60794,8.443669,8.80959,8.730055,9.007061,9.539566,9.74807,9.6194515,9.104314,8.552546
6.790055,6.5380282,6.610448,6.8941746,6.719272,6.366219,6.1263533,7.999686,8.707012,9.174209,9.768976,10.018568,10.023059,9.514105,9.282522,9.131037,9.172352,8.715378,8.801873,7.7844048,7.3423424,7.2090416,7.3288164,7.360656
9.2410965,9.021172,8.765597,8.531811,8.327165,8.14597,7.696447,8.639736,7.889202,7.726042,7.5328083,7.450442,7.352616,7.077703,6.9166903,7.434728,9.129965,9.882495,9.751645,9.702193,9.790072,9.715891,9.482108,9.184538
5.16519,4.6583514,4.4611964,4.474338,4.5117645,4.599528,4.205889,5.755231,5.794048,5.602804,5.2376695,5.0597196,5.088423,5.271212,5.48794,6.1146135,7.239913,7.833109,8.451313,7.8443656,7.428208,6.943318,6.709394,6.4914603
3.4002757,3.8613167,4.282564,4.295733,4.3853226,4.800956,5.109572,4.1069674,3.912829,3.1320553,2.4309518,2.044052,2.014334,1.9869992,2.4130707,2.7696679,3.1307285,3.630135,4.604503,5.068995,4.7800746,5.170141,5.5797787,5.244209
1.214047,2.2344084,2.7552438,3.0843334,3.700453,3.989008,3.868921,3.3914604,3.55507,4.3798203,4.409198,4.267749,4.0691504,3.66792,3.600504,3.4463968,4.5392323,5.97405,5.4522147,4.967168,5.1944647,5.6740823,5.174595,4.594489
8.736404,8.619297,8.519748,8.387148,8.324203,8.276872,8.204388,9.655222,10.435227,10.362341,10.459249,10.277729,10.199489,10.326547,10.104642,9.217768,8.996128,7.950535,8.047657,7.4961033,7.226942,6.76281,6.5750756,6.7157288
6.9966187,7.2407956,7.231322,6.94605,6.5500245,6.2497425,5.869284,6.6077533,6.7196712,7.2181134,7.5578594,7.7921934,8.05518,8.553362,9.0680065,9.720816,10.1706085,9.710002,8.884372,8.014102,7.726154,7.818587,7.9660816,7.9431486
7.2760973,7.096821,6.798728,6.5563874,6.465665,6.420019,5.9916816,8.317095,8.204572,8.535785,8.640462,8.434639,8.489623,8.693536,8.781475,9.098149,9.188337,8.925853,8.1489525,7.608636,7.3052697,6.938077,6.948303,7.1340747
6.8090353,6.634847,6.660597,6.836487,7.3308487,7.064798,6.7497888,6.7489157,8.018775,8.623112,8.657778,8.941661,9.153221,9.557279,9.811044,10.15219,10.117518,9.70126,9.002897,8.369428,8.323071,8.1224785,7.7793875,7.331209
3.229049,3.0692263,3.4849036,4.4921155,4.8810034,4.6065946,5.175195,4.515003,4.8330607,4.786659,5.0254827,5.1039305,5.3366995,5.65081,5.7575917,5.9251075,6.072115,6.1656704,6.7678227,6.6188083,6.7700105,6.3152037,5.809466,5.493948
6.3771744,6.2035522,6.071284,5.741944,5.484831,5.7073445,5.872857,6.010174,7.413285,7.3077207,7.6349134,8.221611,8.487359,8.578007,8.360636,8.154999,7.556333,6.638828,6.8282757,6.749248,6.7002845,6.7857633,7.5202146,7.877285
6.693796,6.3822207,6.041754,5.9099054,5.822469,5.9878235,5.7381024,7.018194,7.140022,7.3229785,7.523312,7.7763543,8.348098,8.885944,9.173386,9.4065,9.647603,9.529031,9.089813,8.515715,8.068369,7.7725973,7.7399197,7.499256
7.878553,7.52423,7.320647,7.050181,6.6934958,6.2089834,5.393565,5.4673796,7.304467,7.5935044,7.6182895,7.581407,7.27537,7.17091,7.493605,8.061659,8.770788,8.927576,8.747668,9.345113,9.732496,9.959352,10.121373,10.106015
7.121221,6.906989,6.4818234,5.8563857,5.3403425,5.045935,4.5053315,5.788677,6.6204815,6.833911,6.700122,6.457149,6.606614,6.8711376,7.4924865,7.708299,8.146562,8.663682,8.872966,8.336,8.258814,8.214013,8.101069,8.027167
5.261365,5.496111,5.4328017,5.8924093,5.650351,5.576422,5.554382,7.24098,7.405927,7.3049755,7.091877,7.046216,7.1530924,7.072501,7.700823,9.271885,10.01833,9.4082575,8.665408,8.195369,8.191827,7.884511,7.6976476,7.549984
7.113573,6.8196583,6.544558,6.2060595,6.1190405,6.049436,6.0759993,8.008717,8.622429,8.611896,7.8269677,7.4953165,7.4179754,7.6554146,7.7673435,8.505982,8.63164,8.306091,7.588294,6.862049,6.298999,5.7961197,5.254671,4.979611
6.6056,6.5273027,6.2646556,5.9170012,5.552781,5.2443113,5.033807,6.1902547,5.8607354,5.188142,4.589255,4.331093,4.651764,5.1041937,6.2167435,7.0014534,8.034945,8.520021,8.479159,8.232633,7.5586877,6.8683243,6.2072153,5.6587725
3.5263503,4.4379864,4.1564164,2.9827855,2.621069,2.6096046,2.3389764,3.1809957,3.6476996,3.8457844,4.2407856,5.107393,5.4283304,5.7139792,5.6831713,5.6923637,5.540294,5.731379,5.308573,4.788379,4.616723,4.2616596,4.192333,4.0187764
7.6354456,7.8467636,7.961179,8.300662,8.650195,8.815316,8.408476,7.827614,7.7247195,7.3087897,6.5213733,5.9053955,5.4417486,4.8910933,4.62237,4.5734515,5.290794,6.3192363,7.0933948,7.3432612,7.3560095,7.0021815,6.714932,6.486022
7.324884,7.2411723,7.229019,7.1192975,6.768082,6.369913,6.2308087,6.533121,7.640873,6.9052234,6.203596,5.8161826,5.5078797,5.403642,5.54055,5.9717603,7.165703,8.200738,8.659209,8.445425,8.264593,7.979731,7.468493,6.767993
4.0710406,3.9245334,3.821175,3.7603972,3.547248,3.7561584,3.960687,4.3521686,4.5475698,4.986341,5.5392404,5.822592,6.194742,6.718214,6.9503202,7.2721605,7.6279063,7.503345,7.1477656,6.2983427,5.572456,5.0143557,4.492245,4.1832933
4.3221126,3.9339414,3.799591,3.3389015,3.144683,3.498898,4.2601595,4.88607,4.951998,4.77728,4.956694,5.5938334,6.1571913,6.5157294,7.023412,7.391795,7.3714223,7.372835,6.9685287,6.583847,5.951914,4.9731083,4.143342,3.907268
5.16068,5.0772853,4.638263,3.816932,3.1145751,2.5845013,2.606091,2.5388503,3.409025,3.591589,3.8771672,3.5541253,3.9458919,4.831913,5.1040463,6.0462656,6.672965,6.431763,6.3725524,5.499678,5.487945,5.1048446,4.828083,4.7162747
4.427857,4.319323,4.2106066,4.079676,4.22968,4.439181,4.384946,3.6265328,2.4334664,2.0227747,2.005194,2.488944,2.7018094,4.5582433,2.98995,1.4676096,1.5874555,2.2177,3.027897,3.642529,3.4648774,3.614985,3.3991935,3.5539448
7.32479,7.313353,7.0873976,6.953653,6.584668,6.3755684,6.8723903,8.093043,8.470553,8.486387,8.561773,8.446806,8.67655,8.849835,9.270928,9.302578,9.238177,8.699929,8.235966,7.6562247,7.3944645,7.124336,6.850873,6.5530624
7.2009463,6.84791,6.5078897,6.380695,6.4323215,6.483088,6.689465,7.517312,7.591151,7.8444915,8.166406,8.430696,8.770718,9.083481,9.3433075,9.619322,9.50801,8.923294,8.657881,7.79045,7.899142,7.9531913,8.061465,8.037931
5.001623,3.99951,3.3186486,3.2774248,3.5269072,3.8317773,4.003867,3.5300782,5.447931,6.081912,6.328818,6.6069603,6.790765,6.83858,6.801956,6.996822,7.1914916,7.3382554,7.2302904,6.9315214,6.5192747,6.2649097,6.017241,5.8202076
5.7766805,4.7079678,3.6875525,3.4902096,4.1582975,4.269456,4.7714343,5.3977184,6.239441,6.273446,5.9222507,5.80658,6.104582,6.471302,6.5871105,6.1538744,5.444528,5.3258185,4.321128,3.9448586,4.0557775,4.2470965,4.2455883,4.0938735
6.340843,5.997822,5.627271,5.3305435,5.020713,4.9486413,4.808389,6.228942,6.3906436,6.506372,6.3163176,6.611468,6.7629595,6.9310493,7.0813227,7.5599017,8.48066,8.532401,8.166327,7.9160457,7.8996496,7.8707724,7.906958,7.97438
9.274659,8.928454,8.925087,9.248031,9.394198,9.388937,8.428893,10.277247,10.392937,10.642393,10.761939,10.846312,11.041017,11.073635,11.218481,11.285909,11.570871,11.07656,10.626086,9.414478,9.106379,8.896941,8.581142,8.422793
8.886797,8.703228,8.666541,8.393339,8.055395,7.8447266,8.2150545,11.372808,11.948381,11.955016,11.026605,10.321522,10.218376,10.251069,9.826783,9.972603,9.949909,10.082239,9.756186,9.580126,9.122761,8.0877,8.471203,8.489434
6.5725617,6.394369,6.530851,7.366371,6.9679418,7.12296,7.5027947,8.283393,8.529042,9.297028,9.879594,9.820365,9.851353,9.947147,10.097591,9.887191,9.622761,9.125253,8.9218025,8.418113,8.332714,8.194446,8.004929,7.813989
7.4414253,6.9151163,6.552548,6.375731,6.1658134,6.244437,6.7576466,8.570357,8.438029,8.144192,7.687207,7.6129713,7.645696,7.320284,7.4736133,7.865443,8.625111,9.203929,9.30016,9.536975,9.514315,9.477141,9.286856,9.124867
6.0183997,5.7984633,5.727201,5.770777,5.814773,5.68725,5.510268,5.5163097,6.461062,7.521763,7.8930297,8.146888,8.369261,8.477474,8.638939,8.899893,8.987704,9.03436,8.442024,7.2569017,6.6688013,6.233118,6.2096944,6.4966736
6.016077,5.6048985,5.467918,5.435264,5.333427,5.1291213,5.00446,6.53244,6.741772,7.1311016,7.611232,7.9827375,8.131667,8.229151,8.414575,8.452512,8.300074,8.051173,7.4810224,7.6120057,7.3390713,7.141665,7.0561748,6.9456673
7.379155,6.955022,6.589781,6.1655073,6.040658,6.0488567,6.0891323,6.959404,8.778768,8.959957,8.948941,9.029351,9.239347,9.458253,9.911467,10.1586075,10.045848,9.492529,8.415166,7.9377346,7.4673605,7.2970934,7.5829477,7.5239854
3.9319463,4.2232995,4.696031,4.629275,4.470493,3.8450396,2.1535656,2.9654608,4.0751243,4.321451,4.2889776,4.4905086,4.065624,3.9230833,5.1408434,6.7109494,7.3976083,6.6769147,6.752623,6.5788503,7.18914,6.005112,4.6961555,4.096513
4.469786,4.327335,4.155019,3.8983963,3.6350625,3.5003638,3.548326,3.0275764,3.5369868,3.3192163,2.7019765,2.6354578,4.277441,5.1380506,4.5700326,4.576024,5.1704593,4.850946,4.595799,6.3200274,6.7218704,6.2875953,6.238067,6.4232187
6.6440845,7.1039953,7.830834,6.4075856,6.310025,6.6818805,6.584758,8.534495,8.495039,8.486671,8.887937,9.296651,8.977679,8.341951,8.206036,8.634148,8.764625,8.22544,7.452087,6.882499,7.2685633,7.099464,6.986372,6.6750817
6.5078626,6.6187186,6.6273255,6.751447,6.868846,7.0611806,6.9730153,8.834279,9.712769,9.741467,10.07517,10.824181,10.773152,11.244491,11.103298,11.258901,10.249795,9.203484,8.582336,8.285815,8.610539,9.019406,9.367578,9.522728
7.038599,6.4960623,6.247591,6.1441956,6.0781198,5.99336,5.8494825,7.142139,7.5492854,8.134593,8.43169,8.616241,8.492798,8.691567,9.050932,9.423477,9.60019,9.368337,8.696744,8.064015,7.7778063,7.6722836,7.755529,7.9171267
6.92763,6.930228,6.9459333,7.0717597,7.0593266,6.853401,6.2096925,7.0630236,7.342144,7.774699,8.019323,8.181525,8.259073,8.382511,8.396609,8.551426,8.224069,7.7554927,7.0999446,6.0397153,6.0764575,5.9739966,5.9310484,5.7400503
6.5740776,6.378203,6.2308116,6.083325,5.845876,5.8484817,5.688799,6.557488,7.110701,8.085267,8.658389,8.797295,8.912993,9.501435,9.405754,9.560087,9.344966,9.061596,8.000689,7.374333,6.9797974,6.530425,6.1810846,6.1834903
7.683053,7.384278,6.9783382,6.7697353,6.385627,6.032601,5.719825,5.9346404,6.0645437,5.294164,4.2895727,3.4735646,3.338067,3.7617757,4.378,5.487321,7.4551167,8.294302,8.237595,7.337959,6.9585147,6.9645934,6.7133784,6.3208804
7.3051987,6.9186616,6.61193,6.505696,6.4592786,6.316787,6.038971,6.385865,6.262543,5.9821,5.5286717,5.056719,4.8765264,5.0504603,5.4654393,6.8406343,7.540772,8.4957075,8.5732765,8.460488,8.043093,7.5945945,7.5572906,7.231499
6.466697,6.1907187,5.4080663,5.130087,5.495776,5.663037,6.0495377,6.5100827,6.74123,6.9066014,6.8340945,6.969329,7.369526,7.7127156,8.031828,8.498515,8.988749,9.233423,8.983038,8.495299,8.336576,8.3075,8.227742,7.890271
5.6071105,5.039439,4.8531446,4.905012,5.101139,5.378441,5.3248925,6.3999205,6.551697,6.4982133,6.8639054,7.071304,7.299771,7.511143,7.6977487,8.1711235,8.146614,8.011051,7.61329,6.8146534,6.5407686,6.025125,5.7555037,5.6058216
6.0467634,5.0754137,4.9947233,4.7737513,4.4686747,4.1388764,4.0188475,5.235151,4.6803837,4.736092,5.0518246,5.256081,5.844927,6.770723,6.722594,6.480687,6.0868616,5.9368534,6.417391,6.995428,7.2606792,7.2353315,6.851874,6.515857
2.3714228,2.2336135,2.1275856,2.2221403,2.692547,3.4049547,3.6160347,4.5140815,5.2097993,4.6502132,4.3988423,4.236848,4.096955,4.3140664,4.7744446,5.261555,5.118225,5.40544,5.4465938,6.0045733,6.340705,6.342466,6.074519,5.6559854
3.7078202,2.9611168,2.3306916,2.0036802,1.7696165,1.8631425,2.0100687,1.847214,2.250029,2.7401268,3.1380541,3.5156457,4.0775957,4.71193,5.285305,5.399601,4.6094475,4.3558407,4.3444037,3.7492995,3.7942939,3.7389052,3.5681782,3.2855325
3.5183513,2.747744,2.4243426,2.1296806,1.9223866,1.73311,1.6046288,1.5381465,2.2558184,3.005367,3.642163,4.1207833,4.470636,5.262152,5.7862535,4.7625675,4.3220153,4.6429787,4.221892,4.1541734,4.2428193,4.024718,3.8516726,3.7122214
6.495781,6.4391646,6.093538,6.235941,6.6230936,6.9298725,6.952468,6.022831,6.958593,6.3003917,5.319927,5.2348175,4.750151,4.6624074,4.5829554,4.805339,4.2437325,3.2434752,2.6314726,2.6964636,3.4886038,3.9994452,4.365268,4.7062144
5.161081,4.79323,4.3831697,4.215728,4.1948404,4.4803023,4.3780007,4.337101,4.126588,3.9750862,3.5909317,5.211738,6.0375557,6.7128644,7.474159,6.6943107,7.344215,6.321971,7.0890512,8.101534,7.9768,8.1126375,8.121485,7.8532815
9.200901,9.114716,8.971392,8.877821,8.54401,8.192584,7.3759003,8.269528,8.186363,7.8838406,7.5510445,7.2596955,6.994807,6.6681914,6.702668,7.153424,8.245551,9.403105,9.611319,9.035666,8.698633,8.095051,7.61137,7.140113
9.323839,9.262331,9.045706,8.879729,8.711521,8.662061,8.274776,11.703446,11.413961,10.916212,10.998513,11.339897,11.869973,11.761329,11.566378,10.963116,10.602515,10.265604,10.452965,9.27723,8.495823,7.887781,7.786376,7.7434998
9.5993,9.193941,8.816756,8.552212,8.385124,8.211935,7.4410524,9.437426,9.720371,9.037848,8.015053,7.5783324,7.1675253,7.2500095,7.451328,7.8047805,8.633064,9.852155,10.367109,10.709759,10.494842,10.059564,9.654286,9.1323395
4.8302345,4.7687187,4.61774,4.5879617,4.9134126,5.0363836,5.2522655,5.2792974,5.111415,4.5464063,4.093911,3.8616142,3.3918133,2.7934258,2.3161907,2.3960035,3.0993867,2.029832,2.3802478,1.7089313,2.214771,2.8651843,3.94886,4.388423
4.878355,4.99247,4.934698,5.023931,4.976567,5.015281,4.925242,5.6266418,5.477845,5.6002064,5.558073,5.6581016,5.925196,6.3825164,7.0747476,7.934298,8.229822,8.43257,8.192222,7.6347756,7.483458,7.10969,6.91962,6.745877
6.3978963,6.020796,5.8974113,5.997505,6.343721,6.5655856,6.7809863,7.3104205,7.320573,7.846777,8.144152,8.323703,8.498749,8.855203,9.06385,9.3633375,9.694016,9.0797415,8.549373,9.170067,8.369684,7.555431,7.1991596,7.225595
8.248867,8.6025095,8.774825,8.93819,9.021219,9.064494,9.095512,7.9928493,9.080358,9.679779,11.321903,11.363313,10.77961,10.014902,9.334777,9.000423,8.386178,7.857166,7.8776264,7.507424,7.584997,7.670088,7.776809,7.8841386
8.159792,7.976422,7.608915,6.9784455,6.2760377,6.942354,7.355689,7.9224052,8.388554,9.286367,9.611691,9.6267395,9.503796,9.125184,8.584025,8.752458,9.229574,8.530127,7.8765645,7.8336887,7.8366075,7.857668,7.898378,7.9111056
8.832486,8.746736,8.676994,8.462602,8.055782,7.7249627,7.3350444,9.27807,9.989993,10.219941,10.1680155,10.476445,10.5859995,10.5693035,10.33858,10.156516,9.646384,8.894518,7.845191,8.107948,7.984821,7.921751,7.720811,7.5854964
6.0289183,5.4824095,4.8808527,4.7271466,4.7995152,4.7092004,4.462829,6.184005,6.5647936,6.9746604,7.1035104,7.345481,7.622753,7.793253,7.940497,8.44985,8.936264,8.715807,8.019718,7.243416,7.158245,6.8657866,5.8911004,5.3108673
7.2311726,7.1501656,6.9880486,6.8726764,7.1717052,7.6708856,7.8779125,8.323279,9.695891,10.429846,10.740327,10.862925,11.030124,11.022187,11.102809,11.065176,10.768246,10.331549,9.808018,9.660995,9.908236,9.861945,9.447535,8.888403
8.318444,8.174914,8.166241,8.188925,8.352378,8.494014,8.735101,8.643837,8.523501,8.3790455,7.9683833,7.3830185,6.987447,6.741887,6.7988825,7.226668,8.947099,10.112815,10.049021,10.715965,10.676213,10.388825,10.060308,9.74235
6.981412,6.6592016,6.401608,5.877862,5.7289977,5.979805,5.785962,6.805833,7.8212023,7.3198633,7.313119,7.4963503,7.6267233,7.781418,8.305255,9.155019,10.073442,9.929194,9.626479,9.413162,9.348286,9.331957,9.742482,9.1334095
7.8633056,7.5836587,7.3149424,7.116021,6.8594193,6.4912114,6.0878706,5.630716,5.6420946,5.288653,5.090507,4.960353,4.8071713,4.8317842,5.0887094,6.352534,8.423455,9.252168,9.435944,8.891493,8.191995,7.5819592,7.2433877,7.078529
7.028318,7.0031104,7.037903,7.436246,7.3639555,8.231926,8.269643,7.985992,9.011474,9.751699,9.550209,9.583878,9.556959,9.495111,9.576687,10.0051365,10.132675,9.1296835,8.554725,7.6572857,7.7517047,8.059366,8.048331,7.829272
7.291752,7.3140035,7.2292933,7.21005,7.3824244,7.6956367,8.057098,9.304385,10.022002,10.042142,9.191207,8.148605,7.4082475,7.3924127,7.815965,8.288857,8.883498,8.967568,9.448049,9.31085,9.388681,9.506703,9.646209,9.6161175
10.114066,9.891004,9.891285,9.8674135,9.665118,9.446589,8.977411,9.529543,9.46413,8.863638,8.269933,7.905573,7.624526,7.9070616,8.669058,9.386493,10.637684,11.352743,11.491571,11.78291,11.523768,11.124846,10.599806,10.079372
6.3699555,6.2101116,6.539507,6.4859133,6.2369337,6.0125093,5.935717,5.909803,5.906817,6.300756,6.544795,7.2778196,7.7535152,7.837693,7.611574,7.664208,6.9776683,6.334724,5.851659,4.871679,4.545062,4.5895886,4.981303,5.3215647
9.758146,9.647251,9.3744135,9.185153,9.278456,9.572896,9.588323,8.410131,9.310024,8.606758,7.570393,6.99481,6.761333,6.8288517,7.081404,7.3344555,7.6105294,7.532988,7.474154,7.276741,7.619007,7.9407654,8.202684,8.611534
8.655943,8.679544,8.831829,8.70533,8.186283,7.855052,7.7946634,5.7906766,6.563171,6.504759,6.509231,6.507709,5.3858924,5.2490544,5.005366,5.2001696,6.193891,6.923461,7.4280663,7.0734572,7.791738,8.4170685,8.8558445,9.3118305
11.407346,10.95674,10.815707,10.803331,10.686336,10.351229,9.204611,10.162892,10.449289,9.567874,8.990968,8.660442,8.504694,8.490922,8.604241,8.980065,9.712972,10.042564,10.677178,11.969698,11.915039,11.851991,11.839395,11.751254
10.378334,9.991118,9.6906185,9.445102,9.09567,8.651361,7.435929,8.354791,8.213458,8.302645,8.2759495,8.233384,8.0872755,8.169539,8.36757,8.806369,10.0500555,10.871446,10.814694,11.335345,11.400527,11.131809,10.7665205,10.379343
6.476241,6.3574605,6.2222486,6.0327725,5.6864285,5.250619,4.7902145,4.4928455,4.5854664,4.7496815,4.618466,4.533748,4.5643883,4.684472,4.998031,5.7212496,6.919724,7.7999563,7.8268323,7.659021,7.110396,6.7835054,6.246474,6.0033092
5.841146,5.447788,5.2295623,5.073968,5.0299196,5.0414815,4.8484387,7.0978246,7.497662,7.866567,7.7510114,7.7689514,8.033024,8.435946,8.617445,8.717937,8.732238,8.586901,8.286707,7.1870303,7.036552,6.7768006,6.632156,6.6173615
4.7001743,4.7507267,4.814042,4.943938,5.2446375,5.527706,5.2583656,5.7926044,5.9965377,6.362193,6.337835,5.9228954,5.687033,5.581795,5.7744074,6.4203143,7.1748157,7.7707114,8.10768,7.7146764,7.505168,7.259253,6.9821744,6.7539926
7.570673,7.2209473,6.8010063,6.4201336,6.211458,6.187157,6.2293043,6.3196073,7.395845,6.7780366,6.2833366,5.691527,5.2634873,4.8329883,4.7795305,5.200673,5.699158,6.9596605,7.9016714,8.091241,8.030641,7.6619616,7.28879,6.9242616
0.9113215,0.28001437,1.2131995,1.8891251,2.3700156,2.77795,3.0709822,1.9415234,1.3032079,1.0176529,1.7851485,2.325868,3.3455915,4.0208592,4.482012,4.8318534,4.3215814,2.6849146,2.244666,3.1298556,2.7812743,2.6296022,2.606487,2.7432332
5.812198,5.326167,4.832986,4.4447045,4.213863,4.2781672,4.087441,5.696438,6.122101,6.310993,6.741833,7.152127,7.1544614,7.3130293,7.5339923,7.7607594,7.828744,7.5052047,6.8203173,6.582068,6.1629148,5.9909477,5.9576693,5.7108965
4.822805,3.9359894,3.5449705,3.871971,4.34308,4.385219,4.0998588,4.8219,5.2266316,5.844353,6.2688136,6.5075135,6.9624834,7.257269,7.7136946,8.0733385,8.383634,8.359308,7.5632253,6.5167146,6.4765334,6.250874,6.225661,6.2098713
5.9220824,5.947319,6.163263,6.305172,6.191122,5.9807153,5.5507245,6.447323,7.1111937,7.1692915,7.6484046,8.288481,8.500811,8.6762085,8.83585,8.86961,8.774636,8.276914,7.546074,6.8216243,6.4893312,6.2709928,6.0469527,5.81135
5.726398,5.72106,5.724739,5.7588043,5.7915254,5.757139,5.7616744,4.9623866,5.7129354,5.221692,4.70059,4.2421465,3.8177953,3.7413013,3.8199701,3.9633641,4.5084844,5.5191627,6.585355,7.1051006,7.1744857,6.868443,6.5191183,5.9763913
4.1574693,4.512294,4.7209167,4.620879,4.42623,4.132037,4.221905,3.5040536,2.825249,1.789485,1.5365372,2.283665,3.814383,4.3039546,4.551552,4.3493958,4.091513,4.829361,4.250723,5.089075,5.373538,5.489462,5.6811614,5.385345
9.794863,9.441376,9.162151,8.8271265,8.610089,8.278707,7.856486,7.4391003,8.571095,8.339475,7.7786336,7.274583,6.8714128,6.422897,6.355352,7.393919,9.488353,10.827224,11.240652,10.783207,10.369003,9.711116,9.271015,9.142111
7.801504,7.4300117,7.053309,6.6417747,6.194026,5.9308195,5.989459,6.57672,6.214068,5.5404882,4.994076,4.6601725,4.52437,4.317293,4.9444795,5.7663193,6.981216,7.5320563,7.8701105,7.7316394,7.3352385,7.5119247,7.597465,7.4265842
7.841374,7.6898155,7.099176,6.49676,5.8409863,5.3933635,5.4489274,4.6563225,7.6092324,8.555145,9.079226,9.2139,8.734537,8.772852,8.587721,8.130741,8.180767,7.03868,6.9642067,6.3086658,6.1489234,5.934047,6.0279446,6.578594
7.351188,7.2634306,6.9934344,6.6959167,6.3277783,6.01043,6.021127,5.4914007,5.9661036,5.670858,5.0991025,4.658642,4.5090866,4.0480227,3.9470887,4.970872,6.428322,6.9685845,6.506154,6.0658894,5.6772027,5.1985826,4.494101,3.9800727
4.5504017,4.748553,4.9413652,4.910016,5.1039553,5.4807897,5.843454,5.720581,7.0693126,7.895448,7.589147,7.1768713,6.621031,6.6622868,6.6234055,6.8878007,6.686848,7.001226,7.8272753,8.590153,8.455978,8.387129,8.373222,8.171308
8.805416,8.790965,9.057651,9.381827,9.713148,9.718579,9.417405,8.460982,10.6278305,11.498355,10.940145,10.54812,10.145996,9.780383,9.548718,9.417969,9.180764,7.7818346,7.2525144,7.0337467,7.190449,7.344979,7.666686,7.8578696
7.8806195,7.827945,7.8381143,7.7214904,7.7092977,7.4133577,7.171548,6.2875037,6.451888,6.392565,6.048204,5.506547,5.0453067,4.7368264,4.755233,5.595189,7.2535744,8.003887,8.419364,8.428563,8.464038,8.242356,8.004574,7.6898093
8.577362,8.29332,7.987891,7.6295533,7.2427893,6.978374,6.6617174,6.785273,7.387861,6.8881145,6.527879,6.3239045,6.149866,5.4734383,5.679047,6.611757,9.6261635,11.376997,10.808014,10.19066,9.250798,8.688359,8.160676,8.044951
4.613156,3.461494,3.2758424,2.8398411,2.4358194,2.7524097,3.9194317,3.7321305,3.813442,3.8409698,4.208346,4.3878155,4.8221707,5.7224755,5.923384,5.6330366,5.7281384,5.7404566,5.69571,6.42858,5.371947,5.057769,4.4536424,4.0575023
1.8885667,2.1532798,2.2837636,1.8526247,1.7309631,1.7162001,1.1315922,1.2512705,0.80933195,0.20730256,0.3276324,0.45204768,0.61088336,0.8986162,1.4802747,3.181097,3.9062078,4.35779,4.447651,3.8439763,4.17135,4.352707,3.3623986,2.9913337
5.8852773,5.1403036,4.592543,4.0627337,3.683888,3.7585506,3.3198497,3.8770366,4.77963,5.5718594,5.64125,5.7305427,5.582769,5.6316047,5.71481,5.9824905,6.4011297,6.7988167,6.8176527,6.842779,6.423044,5.413158,4.583295,4.517846
3.2452202,3.8145163,4.4252887,4.312758,4.9837756,5.748545,5.885324,7.3283362,7.15791,7.811313,7.7805953,6.434034,5.786014,5.585286,5.8394127,6.8511753,7.4016128,7.28487,7.609697,7.679881,7.5310163,7.0987387,6.2840686,5.481827
8.85442,8.611481,8.292807,7.776361,7.378759,6.8649487,6.743048,8.458472,9.516215,9.901418,10.135151,10.245398,10.26296,10.245156,10.231307,10.390733,10.395087,9.672649,9.164153,8.471219,8.3878565,8.461265,8.363118,8.480977
3.0683854,2.3989913,2.1743362,2.454516,3.2473495,3.3649964,3.1756272,1.861386,0.81230557,0.84156346,2.8539789,4.4329567,4.0081105,4.1008596,4.8109136,5.202427,5.451879,4.845821,3.6270342,3.445284,3.4052887,3.3023653,3.5043602,3.652382
9.347279,9.1583,9.065886,9.06992,9.051108,8.81959,8.61503,7.6072936,7.6060457,7.2183013,6.5339127,5.860154,5.454769,5.358377,5.341507,6.0176926,7.599038,8.60113,9.363356,9.4944935,8.926659,8.464805,8.419621,8.56431
7.0604315,6.819576,6.501708,6.072957,5.9541483,5.9503636,5.967661,6.241817,7.2382045,6.7228723,5.992732,5.284406,4.8330617,4.2744813,4.0768285,4.7201233,6.0721493,7.8043485,8.314136,7.884078,6.7572026,6.1429844,5.7791576,5.566128
6.0781155,6.0254283,5.875519,5.622541,5.411757,5.4216003,5.3394375,5.8974,6.164688,6.4726067,6.576523,6.7874455,7.037733,7.285264,7.704012,8.201651,8.671432,8.885029,8.927854,9.138359,8.904925,8.983773,8.919286,8.700691
8.919624,8.209332,7.863564,7.8452363,8.00799,7.920263,7.7327576,6.9953494,7.1901383,7.1624846,7.02182,6.602988,6.5585628,6.637034,6.842765,7.9263477,8.536519,8.7879095,8.785675,9.124692,9.603229,9.686878,9.58687,9.272448
5.8878098,5.430175,5.137897,4.773697,4.675348,4.692575,4.8616138,4.5635924,4.940287,4.7691665,4.8178167,5.109728,5.567604,6.26892,7.1408715,7.8249655,8.219799,8.384408,7.9185524,6.964426,6.619137,5.9917154,5.8284173,5.4275694
5.302629,4.688613,4.585666,4.570761,4.591616,4.1894493,3.476411,3.525561,4.0633626,4.188265,4.7330112,5.5516615,6.335686,7.27383,7.8024845,6.7853546,6.5620713,6.5619946,5.5058694,3.9208076,3.5264072,3.6511133,3.6909578,3.2336214
7.210914,7.2679453,7.2999263,7.3006454,6.8946104,6.751005,6.67341,7.052876,7.919551,8.708782,9.247531,9.627185,9.934971,9.980929,9.927393,9.7464,9.308286,8.287416,8.308212,7.542021,7.748367,7.8431673,7.8055177,7.7379713
9.831904,9.681277,9.657859,9.799289,9.905373,10.002443,9.700598,9.99643,12.1915655,11.941094,11.883547,11.819084,11.4774475,11.372302,11.420704,11.566663,11.762757,10.959549,10.601041,10.136709,9.732611,9.319008,8.931383,8.670624
4.707039,4.2746463,4.018595,3.6031024,3.252602,3.4536474,3.5907726,4.3827014,4.626077,4.8874307,5.139399,5.0446486,5.0989556,5.122761,5.2824802,5.6239586,6.5581493,6.6764216,6.1474557,5.7975197,5.756593,5.6587563,5.2964306,5.101805
3.739822,2.9880981,2.248499,1.6629611,1.5126187,1.8440254,2.2718132,2.9969304,2.8626163,2.7258604,2.6139674,3.0205042,3.77432,4.6308265,5.1865544,5.298261,4.09946,4.9843607,6.10192,7.119424,7.264975,6.8201237,6.2164845,5.696966
7.7720537,7.692715,7.623378,7.4936223,7.345105,7.3747754,7.321364,5.804893,7.944316,9.138108,9.647179,9.855365,9.73363,9.568922,9.402078,9.435762,9.45402,8.975898,8.157907,7.5869727,6.997775,6.692542,6.502967,6.81111
2.621228,2.466712,1.595954,0.5075254,0.3712537,1.0070977,1.5874441,2.3632972,1.3323672,2.2343547,3.362017,4.0887127,3.1190927,3.1210158,4.676332,4.454621,4.06545,4.2035046,3.8533823,2.9332044,2.1178205,2.1643066,2.2339606,2.1646216
6.1701326,6.037088,6.1252117,6.177415,6.1754365,6.1239634,5.8702173,5.370784,5.5726266,5.1035213,4.8949747,4.8659644,4.7061977,4.9087224,5.5850453,7.576016,8.28427,5.833752,5.541482,6.8472795,7.1550326,7.449303,7.335514,7.049457
8.505626,8.690292,8.845036,8.907095,8.858198,8.792025,8.735839,10.296804,10.742757,10.499917,10.66898,11.093707,12.075979,12.116919,11.633562,11.807315,11.596185,10.253943,10.128266,9.626306,9.339458,9.332503,9.538108,9.669198
8.613158,8.333452,8.039177,7.9183397,7.813293,7.773601,9.109238,10.45771,10.086797,10.08211,10.037126,9.570649,8.917178,9.060522,9.306931,9.483088,9.390064,8.711783,8.24899,7.836506,7.842456,7.3647103,7.0884724,6.833653
6.0695753,5.845233,5.7080135,5.525707,5.4956403,5.75344,5.834685,6.505307,6.8710103,6.592481,6.3431587,6.859316,7.5995517,8.1234455,8.740977,8.707581,8.870264,8.88735,8.547681,7.877164,7.770109,7.655657,7.517844,7.4043865
3.7654722,3.68629,3.3626003,3.3982635,3.0824702,2.631754,2.9944916,3.2026417,3.7098591,3.313242,3.4388967,3.8782783,4.5814643,5.588039,6.069366,6.152138,5.403964,5.651761,5.502672,5.26949,5.178526,4.775009,4.4152327,3.996916
3.731177,3.4237788,3.2617981,3.246288,3.3835952,3.2942731,2.603702,0.8288487,0.48481843,0.9169927,2.058189,3.3566058,4.177337,4.911096,5.390884,5.88489,6.253543,5.6525354,4.962599,4.781451,4.8453727,4.9331465,4.6693344,4.4005456
9.469221,9.514201,9.460077,9.361719,9.2784815,9.259567,9.110376,9.168244,8.604554,9.627416,10.029441,11.251981,11.1717415,10.757277,10.342466,9.615386,8.790925,7.693069,7.811817,7.9558887,8.165262,8.433839,8.617036,8.6789255
9.087969,8.689329,8.496917,8.682667,8.961616,9.251021,9.9056835,12.058695,11.829394,11.572708,12.288122,12.120829,11.545951,11.04259,10.980654,10.878052,10.780445,9.767466,9.945837,8.211532,7.2176576,7.2401166,7.6231084,7.7233877
1.8725054,2.4513614,2.4319034,2.869925,3.3450499,4.2355804,4.397705,3.6075215,3.6250737,3.804867,3.480227,2.9127073,2.4224753,3.907278,4.170654,4.013944,3.918532,4.3117795,5.4098825,4.996668,5.327358,5.6222763,5.6878557,6.0786376
3.8336444,4.356905,4.1981707,4.424701,3.9665823,4.1572614,4.0109835,3.1988778,2.361541,1.9615383,1.632666,1.0055972,0.82737684,1.5572021,1.8208469,2.2512147,3.0248613,3.1946528,2.5505912,2.6639435,3.2229333,3.9204755,4.7781057,4.725386
2.6356637,3.1928513,3.75946,4.2056575,4.296128,5.285079,4.467714,3.663416,2.0685687,2.0560727,1.7040994,1.7030014,1.8946346,2.4306607,3.3799026,4.2399287,4.323585,4.41471,4.7877674,5.499152,5.9448857,5.837031,5.5707817,4.9413233
6.5148573,6.545822,6.6110325,6.8431087,6.993673,7.218674,7.458377,7.3248644,8.1507435,8.1380625,7.672843,7.176443,6.7522373,6.5247326,6.5258985,7.0395017,7.8945217,8.343476,8.856311,9.27719,9.461584,9.483153,9.2808695,9.196134
5.7945,5.81526,5.941528,5.959464,5.931826,5.889646,5.3481865,6.342873,6.8049216,7.2224994,7.172276,6.7966084,6.472717,6.5653567,7.1020694,8.189193,9.239068,9.368939,9.185733,8.366984,7.8682475,7.4979677,7.158622,6.7894974
6.1393695,5.9956803,5.997267,6.1308775,6.629266,7.055837,7.3106213,8.370394,8.891714,8.96656,8.968547,9.216647,9.517733,9.808623,9.951124,10.172877,10.214284,9.76865,9.226954,8.395794,8.093309,7.9217863,7.706638,7.4108763
7.6425767,7.481719,7.2674093,7.111553,7.1613665,7.2398615,6.8153505,9.3499775,9.724387,10.140169,10.725938,10.818665,10.521072,10.384784,10.201915,10.108016,9.792246,9.073384,8.787347,8.505964,8.236349,7.9746923,7.939412,7.9214816
4.5637794,3.9011822,3.7239008,3.4111063,3.7092519,3.7690203,3.7692802,4.4585385,4.391953,4.5554237,5.1895585,5.089844,4.871599,5.147699,6.0330625,4.8498178,6.0133405,6.639533,6.259021,6.489418,5.943309,5.7451987,5.935145,5.3592663
1.0366905,0.87241995,1.1467866,1.4203063,1.7286525,1.5270529,0.94322896,2.1955824,2.115269,2.3391025,3.0897074,4.46873,4.864985,4.2395444,4.4435043,5.1035132,4.3155975,4.312904,3.8839478,3.6381109,3.3575728,3.1648617,3.3845134,4.120384
8.550396,8.794934,8.725667,8.587113,8.443186,8.578146,8.541181,8.903302,9.98247,10.167158,10.443167,10.236693,9.729006,9.354607,8.868194,8.881883,8.915722,8.074967,7.469012,6.8985925,6.698753,6.9056787,6.779344,6.4639
6.9440417,6.3734646,6.31754,5.6634,5.870987,5.6196647,5.502827,4.4497013,4.2151613,3.820044,3.6565495,2.913837,2.241621,1.8749678,1.868776,1.7097615,1.863823,2.253343,2.8897243,2.541304,2.5488224,2.0196347,1.9989733,1.7652137
9.889283,9.811321,9.673618,9.628255,9.6708975,9.744065,9.794698,9.191279,11.077752,12.408526,11.8175955,12.101091,11.627311,11.268341,11.219217,10.764376,10.3946495,9.553303,9.069626,8.819877,8.865852,8.851791,8.734355,8.548231
8.67655,8.676542,8.676508,8.665075,8.886711,9.131841,9.087518,10.099699,11.4392,11.734574,11.715764,11.849989,11.245249,11.121434,11.114376,11.002326,10.641811,9.781507,9.709148,9.64474,8.893658,9.107792,9.251878,9.1938095
5.8725185,5.283359,4.7520957,4.5267453,4.567714,4.755501,4.59501,5.921468,5.7948895,5.8782496,5.665201,5.3872824,5.3128166,5.782941,6.6127405,6.699434,7.0140796,7.4596024,7.5842853,7.618891,7.3187118,6.927449,6.3401923,5.75005
2.2380738,1.8570906,2.1107428,2.5970292,3.238257,3.6881902,4.0863223,3.9505043,3.963622,3.7815225,3.6273632,3.7329316,3.5455024,3.5356197,3.4264014,3.649957,4.195719,4.448162,4.390222,5.0182414,5.8258667,6.049611,6.0242233,5.85588
5.636003,5.354908,4.871005,4.391042,4.224091,4.658466,5.066017,5.222278,6.7893662,7.027371,7.0238023,7.485577,7.383908,6.890365,7.3063335,6.576584,6.537585,6.1853747,6.431853,6.3692436,5.838507,5.389391,5.231161,5.0637136
4.688399,4.1233616,3.453093,3.5646062,3.9111233,4.215178,4.544545,5.1830482,6.391283,7.430495,7.4416585,6.877209,6.314486,5.9001675,5.3735523,4.942922,4.9029994,4.7881947,4.995505,6.2638974,6.0081496,5.7807336,6.074045,6.1594863
8.100907,8.030758,8.265248,8.283212,8.12905,7.488907,7.454915,7.4909563,9.131305,8.46713,7.568159,6.7237296,6.463588,6.5647316,6.0033774,6.194521,5.7640953,5.245234,5.346495,5.940011,5.579529,5.511334,5.573134,5.666753
8.742971,8.248003,8.462542,8.864824,9.023875,9.045912,8.593241,7.8917074,8.469114,10.315774,10.124747,9.544338,10.2669935,10.326153,9.464945,8.266725,7.2267,7.397631,7.476679,7.16452,7.4642563,7.58366,7.709208,7.8000283
8.922604,8.742604,8.029733,7.4503956,7.0052114,6.7739778,6.3905025,5.2496943,6.596177,6.146131,5.103844,4.1651154,3.825801,3.8457806,3.9189773,3.7596397,3.510654,3.435044,3.8831635,4.611331,4.8622603,5.0512257,5.504309,5.936917
5.674559,5.7995634,5.911425,5.986626,5.811782,5.466469,5.2200727,6.006851,7.2447824,7.2637534,7.077561,7.0223727,6.7766004,5.992815,5.5150423,5.9177713,6.725358,8.644212,9.072362,8.788667,8.523413,7.705493,7.3613043,7.000291
8.362973,8.426558,8.548202,8.551196,8.473217,8.478077,8.625045,7.572948,8.873464,11.5309105,11.541709,10.874931,10.35648,10.154029,10.137723,10.100442,9.935062,8.962365,8.581819,7.7767863,7.658437,7.586934,7.55246,7.8040056
6.5389743,6.5482736,6.800136,6.64968,6.210947,5.996973,6.1886034,7.4184537,7.463885,7.9567084,8.039198,8.315466,8.590506,8.913136,9.134385,9.542711,9.830359,9.580935,8.872285,8.0689,8.03049,8.104966,7.8998985,7.7081027
8.487402,8.811845,8.661404,7.899363,7.2978644,7.095695,6.9148083,6.309606,6.9408026,7.162809,6.8459926,6.7488546,6.3680043,6.0166593,6.0267353,5.188286,5.5488124,5.8912897,6.5466366,5.552037,4.795158,4.557035,5.137474,5.9878864
10.132252,10.294529,10.304182,10.401679,10.380274,10.499487,10.53838,10.110329,11.180841,11.561435,12.335647,11.826376,11.636919,11.552293,11.826311,11.281269,11.061127,10.26505,9.7266445,8.784706,7.9133744,7.490272,7.6360435,8.368856
7.301652,7.2625585,7.1950393,7.1163096,7.0635495,7.0888205,6.781738,8.176743,7.820309,7.0899787,6.35721,6.007723,5.9314394,5.7520323,6.0522923,6.541927,7.2092757,8.093963,8.668843,8.728457,8.378752,8.092173,7.2373886,6.5131574
5.6788597,5.66737,5.2081423,4.8756247,5.0394754,5.206828,5.053845,5.204795,4.591104,3.9268658,3.49656,3.4081767,3.8124778,4.5882607,5.8311543,5.5298347,6.098369,7.0023384,7.155417,6.585937,6.545171,6.3296022,6.088647,6.0193167
7.6865425,7.398811,7.2123575,7.0238523,6.932011,6.758036,6.51806,5.9036555,6.0269065,5.430851,5.3624544,5.8331337,6.169988,6.2800727,6.3305817,7.068737,8.661542,9.575216,9.171804,9.066777,8.947432,8.357561,7.6714864,6.8351097
6.288817,5.8193517,5.5038977,5.309343,5.362789,5.3548727,5.741541,6.786998,6.463003,6.29253,6.359479,6.385908,6.8005223,6.845339,6.6765985,6.750055,7.457093,8.928617,9.5085945,9.075807,9.0617,8.8750105,8.442544,7.7807813
7.2802744,6.8463244,6.553232,6.4715466,6.535185,6.477316,6.388429,7.480733,7.8130493,7.965317,7.4630365,7.008493,6.659291,6.174832,6.3109045,6.6468487,7.5150266,8.22453,8.696758,8.70114,8.652938,8.274788,7.9289927,7.586527
6.1070623,6.072618,6.0342298,6.2899475,6.8383484,7.499431,8.006213,7.2684197,8.090702,8.049275,7.7116623,7.37277,7.179418,7.100647,7.206665,7.3382344,7.7564135,8.036395,9.179462,9.868166,10.466644,10.84078,11.1515045,11.30991
8.438877,8.364523,8.396876,8.546295,8.742436,8.936828,8.445046,10.451001,10.627476,11.608923,12.047469,11.840827,11.661262,11.4436,11.2023535,10.985414,10.7216425,10.159067,9.6671715,9.1424265,9.049317,8.962445,9.014105,9.178872
6.6424284,6.654371,6.7327313,6.6590204,6.159926,5.764668,5.4678698,7.095356,7.1571555,7.184548,7.295936,7.2593412,7.103913,7.205782,7.2847204,7.9611125,8.772219,9.100194,9.063409,8.5843315,8.418471,7.816612,7.2424793,6.546617
5.739858,5.3787656,5.3233852,5.2754292,5.0035257,4.9193664,5.063943,4.6217327,6.1251173,6.543642,6.2989306,5.986794,5.729294,5.799658,6.1662436,6.55961,7.076684,7.720183,7.8492765,7.586472,7.2828455,6.875379,6.566228,6.2529335
4.8440094,4.3565516,3.922748,3.7449086,3.7721453,3.976015,4.3161306,4.916932,5.5296173,5.5868897,5.6417994,5.9772086,6.3086452,6.5063896,6.448051,6.3454895,6.7695727,7.0869827,6.7501974,7.093349,6.736959,6.254055,5.78438,5.183422
2.1911361,2.3325384,1.9195535,2.9543283,2.8530672,2.7226934,2.6595602,2.0924592,3.7164218,3.8486168,4.0862575,4.0831184,4.3736167,4.781855,5.1269298,5.41009,5.7919936,4.993746,4.750555,5.2295065,5.344335,4.7038727,4.08849,3.6810422
6.816917,6.600727,6.4514775,6.2661505,6.1273594,6.2844462,6.197972,6.0074763,6.629164,6.61246,8.032657,7.327701,6.7132874,6.149216,5.5981407,5.402997,4.68345,4.6450696,5.183159,5.6300397,6.5616775,7.6148305,8.145668,8.016723
3.2016506,2.6133296,3.1064522,3.6960857,3.912313,4.4378533,4.680986,4.867086,5.7774415,5.389137,5.3514256,5.477124,5.2331204,4.629164,4.412332,4.3022437,4.478099,4.2433944,4.6038384,5.164924,5.7589755,6.050647,6.3235865,6.497148
9.105578,9.629848,9.830747,9.920231,9.769712,9.580221,9.409594,8.82734,9.054615,8.747911,8.117382,7.3706117,7.027933,7.1263933,7.382552,7.7310047,8.012535,7.619277,7.9244394,8.239899,8.453379,8.547234,8.724828,9.061317
6.7827063,6.96515,6.931786,7.5639625,7.5482492,8.083555,7.786563,9.985149,10.451987,10.739025,10.55398,10.12976,9.586605,10.004105,9.828007,10.366111,10.162476,8.996749,8.270003,8.537435,7.931564,8.329729,9.193582,9.06969
7.3018813,6.73448,6.271783,6.059025,5.8630314,5.953939,5.8720427,6.940199,7.2946267,7.3885913,7.2906976,7.353744,7.601555,7.8840537,8.167143,8.346495,8.7187395,8.84459,8.181762,7.8876705,7.1824737,6.858111,6.6020346,6.497812
8.318794,8.110537,7.9038134,7.8879557,7.819058,7.9339113,8.026485,9.649697,10.146452,9.941756,9.8761015,9.685364,9.550825,9.532809,9.29088,9.094878,9.06169,9.011336,8.490374,7.71396,7.367832,6.95095,6.715405,6.3930864
7.1629705,6.7931404,6.3538227,5.951699,5.750585,5.851076,5.85552,5.758403,6.1780295,5.6279635,4.9185987,4.77489,4.765464,4.3675704,4.6026144,4.984921,5.5985255,6.3366733,7.3023176,7.96522,8.000531,7.108451,5.956207,4.8923965
7.1327047,6.8180237,6.649232,6.188706,5.9825006,5.9520726,6.0089073,7.6267114,7.657053,7.8329906,7.778903,7.376887,7.4509573,7.9495826,8.968779,9.343724,9.482497,9.247385,8.894014,7.9542317,8.168561,8.24973,8.327881,7.9861903
3.4526992,3.4050133,2.9901907,2.518588,1.9684919,1.4372019,1.2673047,1.1597526,1.6233675,2.285051,2.8771691,3.2382183,3.6413865,4.4397993,5.2647915,4.311333,3.7735822,4.022185,4.096007,4.5677977,4.6222687,3.1381555,2.288058,2.112099
8.451633,8.405421,8.396779,8.503692,8.482791,8.831991,8.954439,8.423563,9.730909,9.982007,10.637317,10.833818,10.690494,10.758042,10.874865,10.371276,9.713453,8.450833,8.474228,9.157607,9.006021,8.407364,7.7190614,7.101467
8.1200285,8.213356,8.469099,8.777026,8.610438,8.942249,8.929613,9.747966,10.537519,11.00907,10.766209,11.589485,11.815598,10.962026,11.136671,11.595933,10.569885,9.579763,9.810909,9.246964,9.135116,8.681317,8.317403,8.043246
5.542471,6.251011,6.8947415,6.8276677,6.1973767,5.5007415,4.7335277,6.521802,6.549959,6.19397,5.0199194,3.668238,3.1081674,4.521588,3.798168,3.4464293,4.074044,4.104446,4.364958,5.514993,5.6843233,5.66676,6.033068,6.666869
8.248057,8.247909,7.5334826,7.058893,7.283205,7.4852486,7.580343,8.550453,10.022641,10.592443,10.566781,11.388277,11.366961,11.303258,11.03694,10.447376,9.872121,9.596968,9.897164,9.569111,9.540042,9.305607,9.163415,8.955943
8.96637,8.9177065,8.7828,8.700425,8.750522,8.236681,7.8164654,6.6503315,9.917809,10.191385,9.917188,8.888489,8.027464,7.4746027,7.2734923,6.927499,6.4442115,6.037233,6.495367,6.576311,7.238529,7.583557,7.680433,7.7309456
10.148051,10.143248,10.228971,10.350946,10.459042,10.638579,10.847641,9.96304,10.88661,12.614646,12.85644,12.404868,11.848045,11.203833,10.910474,10.973042,11.089019,9.854279,10.045798,8.958605,9.075494,9.217363,9.249398,9.1631975
8.147195,7.8182454,7.4540744,7.3742757,7.2392845,7.1557875,7.073523,6.498626,6.683506,6.26501,5.7987795,5.5198584,5.1956472,4.844411,4.9754624,5.722386,6.579445,8.178965,8.937352,8.630787,8.18818,7.7539454,7.453884,7.02881
8.730699,8.382658,8.046538,7.9226294,7.636692,7.4431186,6.8997936,4.161252,4.9638095,5.561971,5.8510885,5.582289,5.8691907,5.8447447,6.6521616,7.186068,7.09623,6.813432,7.077204,6.848123,7.056103,7.206844,7.170109,7.171712
4.69441,5.041635,5.9787765,6.327701,6.2850614,5.7416067,5.506774,3.353177,3.9993615,4.6690593,5.5921626,5.0308146,5.2673593,4.7184315,3.632759,3.259632,3.100745,3.7410827,4.098149,5.137091,5.44516,6.017187,6.9897695,7.4461355
7.3851385,7.3552027,7.5965195,7.8314295,7.86735,8.318944,8.420054,8.99486,10.398016,10.409551,11.051157,11.014734,10.730261,10.590807,10.549605,10.830621,9.851192,8.493594,8.421491,8.142829,7.7445993,7.5536013,7.324328,7.0435753
7.262906,7.258196,7.546961,7.9068046,8.248861,8.426442,8.328218,7.2530637,9.069399,9.037789,9.414203,9.503183,9.4843445,9.299635,8.823574,8.434528,8.231504,7.5916805,6.9450207,6.5916204,6.420462,6.468655,6.4793525,6.649879
9.143087,9.2616625,9.164124,8.97259,8.899267,8.73692,7.876721,8.707858,9.098248,10.729797,11.182286,11.148913,10.976183,10.10484,9.819585,9.887649,9.93684,9.560668,9.831306,9.146342,9.2349205,9.549077,9.8219795,9.968022
4.769956,4.688144,4.1946964,3.7887812,3.704829,3.6760461,3.3056436,3.7178955,4.3993564,4.9094,5.0389504,5.385699,5.8213863,6.113184,6.5731764,6.704345,6.6821012,6.66996,6.38798,5.7482867,5.70023,5.1412024,4.818953,4.7869353
3.5030046,3.0825217,2.34261,1.8395135,1.7929279,2.6923435,3.1674705,3.2355397,3.4906769,2.4595513,2.5565143,2.7667904,2.826217,2.6510186,4.8721833,4.5445657,4.4046354,4.05759,2.97,1.8568403,1.5384172,1.5457813,1.8298343,1.9500954
8.262372,8.410767,8.330134,8.517464,9.222771,8.5857,6.7836742,6.098422,6.5093255,7.110334,5.5144577,5.4150276,5.4687624,4.7630754,5.0208454,4.767088,5.41534,4.844087,4.8811507,5.389614,5.5881143,5.6955194,5.539811,5.949114
8.785853,8.6129675,8.708107,8.622425,8.313995,8.108,7.577707,9.189295,10.052615,11.051741,11.085439,11.017454,10.263261,10.024073,10.443527,10.760845,11.192886,10.60909,9.505383,9.528576,9.16525,9.182103,9.356451,9.510282
5.6756043,5.2894626,5.309007,5.582216,5.8714724,6.046892,5.721942,5.953151,6.546493,6.8316126,6.9256635,7.0464144,7.3616686,7.8844676,8.5887,9.206838,9.631138,9.358943,9.271127,9.057448,9.207765,9.33465,9.463374,9.335858
4.538328,3.770745,3.8678493,4.0390515,4.730555,5.141315,4.8157473,3.3291066,3.7391336,3.6755278,3.6377952,4.3044543,4.7061644,4.8582296,4.960074,5.0312014,5.6705465,6.3911333,7.055576,7.5529356,7.655666,7.5680733,7.6351385,7.6891937
3.9674668,3.8665988,3.6846821,3.4477873,3.669688,4.104749,4.4303927,4.962498,6.0264144,5.729885,5.465159,5.6565976,5.904121,6.420248,5.724775,5.5189176,4.468402,4.4714823,4.432797,4.988379,4.3565216,3.7198,3.6052604,3.2897568
4.5552955,5.0964336,5.6916823,6.2768564,6.4540954,6.371465,6.731378,3.443788,4.458654,5.181273,5.17445,4.0759587,3.9558475,3.6179347,5.2034435,5.3144,5.249932,5.1330323,5.298317,6.461776,5.875859,5.028522,4.9612007,4.3594956
3.3263874,3.787897,4.784649,5.20528,4.9730277,4.923899,4.9856353,4.7375236,5.306867,5.867525,5.7017646,5.5061617,4.9701815,4.6824937,4.527619,4.6500573,4.6370273,5.390107,6.510797,7.40688,7.585701,7.3934345,7.2455235,7.047933
6.3722134,6.415003,6.838238,7.311843,7.3989863,7.36591,7.6950283,6.97451,9.646937,9.478377,10.232136,9.957318,10.09183,9.826291,9.412719,9.198597,8.976502,8.372825,8.25325,7.283755,7.40964,7.363907,7.132919,6.7506604
11.8512945,11.603873,11.029559,10.472837,10.170199,10.076418,9.957118,10.037684,11.537288,12.624451,12.203291,12.03283,11.82391,11.741834,11.495551,10.718691,9.520386,8.655735,8.540828,8.37108,8.20778,8.668417,8.635327,8.548311
6.888453,6.6385427,6.473546,6.2913637,6.049427,5.922563,5.76529,6.236845,6.2153344,5.3969398,4.7208037,4.416862,4.3842425,4.8313136,6.0384603,8.004425,9.022358,9.3882265,9.077722,8.370379,8.137252,7.849976,7.5047994,7.1184936
9.832041,9.605307,9.477292,9.384774,9.244883,8.90458,7.7444353,8.360794,8.368902,7.809428,7.0057206,6.5480137,6.046117,5.7811356,5.7480526,6.707327,8.545722,9.877761,10.364845,10.01643,10.244176,9.972728,9.789979,9.631339
6.513968,6.3135138,6.149291,6.02832,6.0229373,5.8414154,5.310126,5.8226027,5.1775064,4.7328944,4.5617595,4.475183,4.4469695,4.945114,5.8896875,6.716938,7.4527397,8.193857,8.3438015,8.215911,7.499053,7.275776,6.9911213,6.695207
8.885296,8.792092,8.957994,9.25046,9.631772,9.633573,9.034377,10.255225,9.902213,9.050967,8.432902,7.9925776,7.7369866,7.734607,7.851481,8.106272,8.785884,9.137114,9.31467,9.330157,9.904797,10.134593,10.265358,10.206211
7.9458485,7.5648975,7.376987,7.213978,7.1356325,6.9926567,6.47687,7.686195,7.163261,6.62429,6.1391106,5.926559,5.5658684,5.5398383,6.4509487,8.66292,9.599493,9.753417,9.222914,8.0101385,8.084212,8.307038,8.213283,7.9983234
4.1813893,4.422766,4.459624,3.7561107,3.350328,2.5812562,1.657116,2.0994105,2.8693435,3.357725,3.1147046,2.5901072,2.4148378,2.3917089,2.6695795,3.2035663,4.518905,5.5190997,6.5953584,6.7294517,6.572059,6.4980254,6.461382,6.2792172
7.416995,7.2975583,6.960658,6.6730213,6.2216268,5.7625093,5.5787883,5.7384076,7.2379675,7.206833,6.365578,5.6948495,5.4302287,5.292722,5.205428,5.030508,5.6026707,6.429317,7.478982,8.190127,8.132223,7.7877707,7.1025176,6.3582835
6.9182167,6.731907,6.833588,6.767823,6.847739,6.8080378,6.702008,7.599659,6.8822293,8.219978,7.1661477,6.206044,5.1567674,4.4401965,5.4498444,4.08333,5.0995197,5.805138,6.177391,7.249233,7.204702,7.4321356,7.884077,8.355208
5.0626316,6.0207896,6.686432,6.9665933,7.2309313,7.2927003,7.5693564,8.052457,8.484828,11.051722,11.211391,10.658963,10.518083,9.92898,9.81675,9.599433,8.710168,7.061657,7.45186,7.918044,7.755023,7.824239,7.9532332,7.756711
9.121087,8.97609,8.861109,8.70588,8.496636,8.435128,8.297638,8.57074,10.582982,10.586421,10.280726,10.257003,10.402672,10.221697,10.008059,9.825584,9.680635,8.760051,7.8845005,7.484481,7.3630238,7.323046,7.181061,7.0877285
9.604793,9.517535,9.348849,9.096258,8.519926,7.988174,7.5397296,6.5152397,6.59072,6.895931,6.5333843,6.226586,5.7855215,5.523859,5.5175095,5.761367,6.6263313,8.104485,10.021165,10.271082,9.581707,8.958665,8.463984,8.175705
8.040243,7.673985,7.2570853,6.94262,6.759564,6.7324376,6.5513644,8.380222,8.422617,7.9508686,7.1805105,6.7649145,6.707766,6.970759,6.9897714,7.9299345,9.872735,10.350753,10.059715,9.912486,9.127263,8.315021,7.7344813,7.4166226
8.726169,8.454159,8.386802,8.413916,8.264599,8.146087,7.928263,7.7423882,7.774481,7.668591,7.422041,7.0415998,6.58733,6.4995346,6.6852746,7.590583,9.284131,9.915339,9.78626,10.016969,9.864653,9.815129,9.555885,9.262112
6.994787,6.8658147,6.7520695,6.53741,6.2368274,5.977027,5.651476,7.9953384,8.204534,7.950532,7.475763,7.0330315,6.5175653,6.1629987,6.5696645,7.2064614,8.916727,9.9753895,10.214471,10.392291,10.463603,10.263476,10.004355,9.651809
9.262491,8.657373,8.172858,7.8031063,7.536686,7.2572575,7.4886236,9.114477,9.3678055,9.419022,8.933672,8.592932,8.207448,8.00599,8.233165,8.4787445,9.031218,8.9648285,9.685837,9.968585,9.89545,10.053726,10.218342,10.437311
8.554058,8.578695,8.472309,8.1870165,8.180899,8.550615,8.932443,9.333966,10.135892,9.995074,9.740623,9.6128845,10.044485,10.357861,10.613258,10.455033,10.830626,9.89404,8.538284,7.6246305,7.414269,7.361928,7.088525,7.16232
6.8178444,6.607735,6.4311557,6.5352488,6.923672,7.304237,7.1617336,8.28541,9.201555,8.859013,8.304629,7.8605056,7.847554,8.123367,8.70406,9.299882,9.847722,10.033414,9.88935,9.64731,9.514272,9.300764,9.211351,9.225077
